[
  {
   "姓名": "Abbie Wilson",
   "头像": "/头像/109.jpg",
   "城市": "曼谷",
   "用户名": "@abbiew93",
   "自我介绍": "汪星人🐕，搓麻将🀄️，走南闯北🗺，目前常驻曼谷。",
  },
  {
   "姓名": "Anje Keizer",
   "头像": "/头像/171.jpg",
   "城市": "达拉斯",
   "用户名": "@akeizer01",
   "自我介绍": "爱生活，爱达拉斯，go Mavs!",
  },
  {
   "姓名": "Sang Young-Il",
   "头像": "/头像/184.jpg",
   "城市": "迪拜",
   "用户名": "@yisang_dubai",
   "自我介绍": "迪拜企业家，经常在沙丘上开越野车。",
  },
  {
   "姓名": "Leo Knight",
   "头像": "/头像/119.jpg",
   "城市": "日内瓦",
   "用户名": "@knighty19",
   "自我介绍": "Sci-fi 粉丝，爵士钢琴演奏者，桌球爱好者。",
  },
  {
   "姓名": "Lucas Pacheco 🧲",
   "头像": "/头像/143.jpg",
   "城市": "印第安纳波利斯",
   "用户名": "@colts_fan_12",
   "自我介绍": "赛马迷 🐎 什么都喜欢尤其是橄榄球 🏈 和垃圾食品 🍔🍟🌮",
  },
  {
   "姓名": "Obasey Chidy",
   "头像": "/头像/131.jpg",
   "城市": "斯普林菲尔德",
   "用户名": "@chidy789",
   "自我介绍": "我住斯普林菲尔德，但不是辛普森一家哦。",
  },
  {
   "姓名": "Stina Gunnarsdottir",
   "头像": "/头像/168.jpg",
   "城市": "沙加缅度",
   "用户名": "@stinagsac",
   "自我介绍": "沙加缅度的极限飞盘手即将进入决赛。",
  },
  {
   "姓名": "Alexa Richardson",
   "头像": "/头像/038.jpg",
   "城市": "上海",
   "用户名": "@heyalexa",
   "自我介绍": "坐标魔都，经纪人。爱美食，爱各色文化。",
  },
  {
   "姓名": "小笠原かつみ",
   "头像": "/头像/049.jpg",
   "城市": "东京",
   "用户名": "@okatsumi_",
   "自我介绍": "东京第一球迷，万人敌哈哈哈 🗼⚽️🕴",
  },
  {
    "姓名": "Wulf Kindler",
    "头像": "/头像/062.jpg",
    "城市": "特隆赫姆",
    "用户名": "@wulfkindler1",
    "自我介绍": "住在特隆赫姆的医生。喜欢冰淇淋和滑冰，哦，不是一边滑一边吃啦。",
  }
]
